{
    "method": "Optuna (random_forest)",
    "best_params": {
        "n_estimators": 284,
        "max_depth": 16,
        "min_samples_split": 4,
        "min_samples_leaf": 2,
        "max_features": "log2"
    },
    "metrics": {
        "accuracy": 0.80625,
        "f1_score": 0.8063259803921567,
        "predictions": [
            0,
            1,
            0,
            0,
            1,
            1,
            0,
            0,
            1,
            1,
            0,
            1,
            0,
            0,
            0,
            1,
            1,
            0,
            1,
            0,
            1,
            1,
            0,
            0,
            0,
            1,
            1,
            0,
            1,
            0,
            0,
            0,
            1,
            1,
            1,
            0,
            0,
            0,
            0,
            0,
            0,
            1,
            1,
            1,
            1,
            0,
            0,
            0,
            0,
            1,
            0,
            1,
            1,
            1,
            1,
            1,
            0,
            0,
            0,
            0,
            1,
            1,
            1,
            0,
            0,
            1,
            0,
            1,
            0,
            1,
            0,
            0,
            1,
            1,
            0,
            1,
            1,
            1,
            1,
            1,
            1,
            0,
            0,
            0,
            0,
            0,
            1,
            1,
            1,
            1,
            1,
            0,
            1,
            1,
            0,
            1,
            0,
            0,
            0,
            0,
            1,
            1,
            1,
            1,
            1,
            0,
            1,
            1,
            1,
            1,
            0,
            0,
            0,
            0,
            0,
            0,
            0,
            1,
            0,
            0,
            1,
            1,
            0,
            1,
            0,
            1,
            1,
            1,
            0,
            1,
            0,
            1,
            0,
            1,
            1,
            1,
            0,
            1,
            0,
            1,
            0,
            0,
            0,
            0,
            0,
            1,
            1,
            1,
            1,
            0,
            1,
            0,
            0,
            1,
            0,
            0,
            1,
            1,
            1,
            1,
            1,
            1,
            1,
            1,
            0,
            1,
            0,
            0,
            0,
            1,
            1,
            0,
            0,
            0,
            1,
            1,
            0,
            1,
            1,
            1,
            1,
            0,
            0,
            0,
            1,
            0,
            1,
            0,
            1,
            1,
            1,
            0,
            0,
            1,
            1,
            0,
            1,
            1,
            1,
            0,
            1,
            0,
            1,
            1,
            0,
            1,
            1,
            0,
            1,
            1,
            0,
            1,
            0,
            0,
            1,
            0,
            0,
            1,
            1,
            0,
            1,
            0,
            0,
            0,
            0,
            1,
            1,
            0,
            1,
            0,
            0,
            1,
            1,
            1,
            0,
            1,
            0,
            1,
            0,
            1,
            0,
            0,
            0,
            0,
            1,
            1,
            1,
            1,
            0,
            1,
            0,
            0,
            1,
            1,
            1,
            0,
            0,
            1,
            1,
            1,
            1,
            1,
            1,
            0,
            0,
            0,
            1,
            1,
            0,
            1,
            0,
            0,
            1,
            0,
            1,
            1,
            1,
            0,
            0,
            0,
            1,
            0,
            1,
            0,
            1,
            1,
            0,
            1,
            0,
            1,
            0,
            1,
            0,
            0,
            0,
            0,
            1,
            1,
            1,
            1,
            1,
            1,
            1,
            0,
            0,
            1,
            0,
            0,
            1,
            1,
            1,
            1,
            0,
            1,
            1,
            1,
            0,
            0,
            0,
            0
        ]
    },
    "time_taken": 58.544785499572754,
    "n_iterations": 30,
    "timestamp": "2025-10-19 12:37:16"
}